skill_name,adobe,c++,java,leadership,python
adobe,1.0,-0.8664002254439633,-0.42276002160669474,0.4126801090827277,-0.7304943077272632
c++,-0.8664002254439633,1.0,0.4879500364742666,-0.26363525200414833,0.4666666666666667
java,-0.42276002160669474,0.4879500364742666,1.0,-0.27565892320998564,0.4879500364742666
leadership,0.4126801090827277,-0.26363525200414833,-0.27565892320998564,1.0,-0.564932682866032
python,-0.7304943077272632,0.4666666666666667,0.4879500364742666,-0.564932682866032,1.0
